{
  "region": "Europe (AI Training)",
  "workload": "AI Training",
  "wind_solar_corr": -0.35,
  "simulated_cf": {
    "solar": 0.10429018038751807,
    "wind": 0.17616285551009223
  },
  "years": [
    2025,
    2026,
    2027,
    2028,
    2029,
    2030,
    2031,
    2032,
    2033,
    2034,
    2035,
    2036,
    2037,
    2038,
    2039,
    2040
  ],
  "gas_pure": [
    250.28889681361045,
    250.28889681361045,
    250.28889681361045,
    250.28889681361045,
    250.28889681361045,
    250.28889681361045,
    250.28889681361045,
    250.28889681361045,
    250.28889681361045,
    250.28889681361045,
    250.28889681361045,
    250.28889681361045,
    250.28889681361045,
    250.28889681361045,
    250.28889681361045,
    250.28889681361045
  ],
  "smr": [
    140.0,
    135.41666666666666,
    130.83333333333334,
    126.25,
    121.66666666666667,
    117.08333333333333,
    112.5,
    107.91666666666666,
    103.33333333333334,
    98.75,
    94.16666666666666,
    89.58333333333334,
    85.0,
    85.0,
    85.0,
    85.0
  ],
  "grid_ppa": [
    117.0,
    108.98562205006856,
    102.38401190703803,
    96.81725032092649,
    92.0387114356031,
    87.8793882794585,
    84.21883898695216,
    80.96842286011616,
    78.06111595840031,
    75.44505522392978,
    73.07929757452598,
    70.93094823022678,
    68.97316475812859,
    67.18373792120141,
    65.54406232710323,
    64.03837651595353
  ],
  "grid_cfe": [
    172.0,
    163.98562205006857,
    157.38401190703803,
    151.8172503209265,
    147.0387114356031,
    142.8793882794585,
    139.21883898695216,
    135.96842286011616,
    133.0611159584003,
    130.44505522392978,
    128.07929757452598,
    125.93094823022678,
    123.97316475812859,
    122.18373792120141,
    120.54406232710323,
    119.03837651595353
  ],
  "scenarios": {
    "0.90": {
      "lcoe": [
        226.6629,
        214.4624,
        204.0942,
        195.179,
        195.6936,
        187.6964,
        180.4706,
        173.8862,
        167.8781,
        162.301,
        157.1434,
        156.9606,
        152.2333,
        151.5104,
        153.7862,
        149.4126
      ],
      "lcoe_p10": [
        202.7873,
        193.7433,
        186.4392,
        175.427,
        178.8305,
        171.7959,
        164.1271,
        155.2236,
        152.5289,
        148.9769,
        144.4558,
        142.6161,
        140.5431,
        136.522,
        137.5032,
        133.36
      ],
      "lcoe_p90": [
        248.3042,
        233.4094,
        233.1629,
        215.0702,
        214.2721,
        201.9648,
        194.5298,
        189.1719,
        181.1512,
        175.9033,
        173.4952,
        172.2122,
        163.8512,
        163.7327,
        168.4552,
        164.3229
      ],
      "c_solar": [
        10.9992,
        10.9992,
        11.007,
        11.012,
        13.7443,
        13.7443,
        13.7443,
        13.7443,
        13.748,
        13.748,
        13.7503,
        16.4554,
        16.4778,
        16.4992,
        16.4937,
        16.4937
      ],
      "c_wind": [
        12.5001,
        12.5001,
        12.4906,
        12.4994,
        12.4972,
        12.4972,
        12.4972,
        12.4972,
        12.5024,
        12.5024,
        12.5044,
        12.5004,
        12.5306,
        13.3968,
        14.9609,
        14.9609
      ],
      "battery_h": [
        7.4994,
        7.4994,
        7.5,
        7.5,
        7.4999,
        7.4999,
        7.4999,
        7.4999,
        7.5,
        7.5,
        7.5,
        7.5,
        7.5,
        7.5,
        7.5001,
        7.5001
      ],
      "shed_frac": [
        0.0,
        0.0,
        0.0,
        0.0,
        0.0,
        0.0,
        0.0,
        0.0,
        0.0,
        0.0,
        0.0,
        0.0,
        0.0,
        0.0,
        0.0,
        0.0
      ],
      "gen_capex": [
        122.7047,
        114.507,
        107.46,
        101.3774,
        104.221,
        98.5788,
        93.4795,
        88.8341,
        84.6054,
        80.6766,
        77.0499,
        78.1869,
        74.8403,
        74.9091,
        77.5605,
        74.4365
      ],
      "gen_om": [
        32.865,
        31.027,
        29.4104,
        28.002,
        28.1796,
        26.879,
        25.6898,
        24.5947,
        23.5893,
        22.6447,
        21.7652,
        21.7322,
        20.9381,
        21.2554,
        22.4149,
        21.6256
      ],
      "batt_capex": [
        20.098,
        18.1702,
        16.6509,
        15.3929,
        14.3218,
        13.3827,
        12.5481,
        11.7966,
        11.1132,
        10.4865,
        9.9083,
        9.3738,
        8.8742,
        8.3997,
        7.9494,
        7.5396
      ],
      "batt_om": [
        2.4713,
        2.2342,
        2.0474,
        1.8927,
        1.7606,
        1.6452,
        1.5425,
        1.4502,
        1.3662,
        1.2891,
        1.218,
        1.1521,
        1.0908,
        1.0334,
        0.9796,
        0.9291
      ],
      "gas_capex": [
        6.973,
        6.973,
        6.973,
        6.973,
        6.973,
        6.973,
        6.973,
        6.973,
        6.973,
        6.973,
        6.973,
        6.973,
        6.973,
        6.973,
        6.973,
        6.973
      ],
      "gas_opex": [
        41.5509,
        41.5509,
        41.5524,
        41.541,
        40.2376,
        40.2376,
        40.2376,
        40.2376,
        40.231,
        40.231,
        40.2289,
        39.5426,
        39.517,
        38.9397,
        37.9087,
        37.9087
      ],
      "gas_carbon": [
        0.0,
        0.0,
        0.0,
        0.0,
        0.0,
        0.0,
        0.0,
        0.0,
        0.0,
        0.0,
        0.0,
        0.0,
        0.0,
        0.0,
        0.0,
        0.0
      ]
    }
  }
}