{
 "region": "Europe",
 "re_target": 0.9,
 "target_year": 2030,
 "base": 36.67182549793651,
 "rows": [
  [
   "RE WACC 4% / 7%",
   33.939895683144556,
   36.003893054592254
  ],
  [
   "Battery capex \u221320%",
   35.47832736429558,
   38.28786422334423
  ],
  [
   "Solar resource \u00b110%",
   26.20109338763598,
   30.370291910391387
  ],
  [
   "Carbon ceiling \u00b125%",
   34.3809503040429,
   39.219237176399076
  ],
  [
   "Gas WACC 11% / 7%",
   34.056449421411315,
   39.14229196215784
  ],
  [
   "Solar learning 35% / 25%",
   29.094197327023494,
   36.67182549793651
  ],
  [
   "Carbon +$40 / base",
   28.92827869904241,
   36.67182549793651
  ],
  [
   "Gas price \u221325%",
   25.6351598859859,
   47.96721226641375
  ],
  [
   "Wind resource \u00b110%",
   24.74383739776613,
   56.19251366866996
  ]
 ]
}